<?xml version='1.0' standalone='yes'?>
<componentData>
  <component>
    <componentBaseName>gcc_runtime</componentBaseName>
    <componentFileName>gcc_runtime_glnxa64_1484848240.enc</componentFileName>
    <componentName>gcc_runtime_glnxa64</componentName>
    <componentVersion>1484848240</componentVersion>
    <instrset>0</instrset>
    <locale></locale>
    <locationId>1</locationId>
    <numFiles>8</numFiles>
    <platformList>
      <platform>glnxa64</platform>
    </platformList>
    <releaseFamily>R2017a</releaseFamily>
    <size>3712056</size>
    <type></type>
    <uncompressedBytes>13953537</uncompressedBytes>
  </component>
</componentData>
