<?xml version='1.0' standalone='yes'?>
<componentData>
  <component>
    <componentBaseName>license_manager</componentBaseName>
    <componentFileName>license_manager_glnxa64_1484850362.enc</componentFileName>
    <componentName>license_manager_glnxa64</componentName>
    <componentVersion>1484850362</componentVersion>
    <instrset>0</instrset>
    <locale></locale>
    <locationId>1</locationId>
    <numFiles>26</numFiles>
    <platformList>
      <platform>glnxa64</platform>
    </platformList>
    <releaseFamily>R2017a</releaseFamily>
    <size>4637933</size>
    <type></type>
    <uncompressedBytes>13760592</uncompressedBytes>
  </component>
</componentData>
