<?xml version='1.0' standalone='yes'?>
<contents>
  <componentFiles>gcc_runtime_glnxa64_1484848240.enc</componentFiles>
  <componentFiles>3p/flexnet_glnxa64_1484848222.enc</componentFiles>
  <componentFiles>bin_utils_glnxa64_1484848257.enc</componentFiles>
  <componentFiles>license_manager_glnxa64_1484850362.enc</componentFiles>
  <definitions>gcc_runtime_glnxa64_1484848240.xml</definitions>
  <definitions>3p/flexnet_glnxa64_1484848222.xml</definitions>
  <definitions>bin_utils_glnxa64_1484848257.xml</definitions>
  <definitions>license_manager_glnxa64_1484850362.xml</definitions>
  <definitions>productdata_License_Manager1114_glnxa64.xml</definitions>
</contents>
